/*insert into users (id, email, password, username) values ('e043d2c8-9a88-47c4-ab83-d11414518048', 'pneat0@soundcloud.com', 'jUQcnZt3r', 'gberanek0');
insert into users (id, email, password, username) values ('5dbfa8ee-48b1-4594-93f8-5a7bfc397b1d', 'fbrunicke1@techcrunch.com', 'uQAFnkH', 'mpourveer1');
insert into users (id, email, password, username) values ('abcaeec3-3448-409f-bc61-4fc988fae18c', 'jsebborn2@nytimes.com', 'zAvaVFpzi', 'zrenshall2');
insert into users (id, email, password, username) values ('e6fa0a48-4ca7-4e6e-b40b-76e11deb593f', 'gdurand3@elpais.com', 'CnPM7OF5Bm1p', 'ftrevaskis3');
insert into users (id, email, password, username) values ('888efae4-2b5c-47b9-bd55-fd3d04f8915d', 'wbertomieu4@hostgator.com', '7eTBKYW77', 'cranger4');
insert into users (id, email, password, username) values ('65e4f8c1-415e-433b-a508-bb49d422eb82', 'dgayther5@loc.gov', '8P59jkcMVX3E', 'gspittles5');
insert into users (id, email, password, username) values ('9a3b8d19-e06f-446a-be03-07f3871a3c47', 'femblow6@unesco.org', 'SJKVNT', 'lgrabiec6');
insert into users (id, email, password, username) values ('f901d843-455d-4f02-8023-8b1b5801e664', 'rhubball7@wikimedia.org', 'IkNjuEk7eP8', 'astealfox7');
insert into users (id, email, password, username) values ('a3253318-8fa8-4209-9c5d-127f54b22673', 'admin@admin.gl', 'admin', 'admin');
insert into users (id, email, password, username) values ('3d776dd4-3387-45d4-a0b9-d9068a49da72', 'guest@guest.org', 'guest', 'guest');

insert into mylistentry (id, erstellungsdatum, text, titel, wichtigkeit) values ('6d527fc7-e44a-442d-b476-613fd112f987', '2021-11-30 04:51:08', 'Research and Development', 'Fritsch, Kling and Greenholt', 7);
insert into mylistentry (id, erstellungsdatum, text, titel, wichtigkeit) values ('24961e39-bdbd-431e-9589-572698990ed0', '2021-08-06 21:05:52', 'Engineering', 'Daniel, Nader and Lynch', 3);
insert into mylistentry (id, erstellungsdatum, text, titel, wichtigkeit) values ('b6f08eb6-0019-4ec0-a520-f7930913991b', '2021-11-24 07:48:42', 'Support', 'Bahringer-Gutmann', 5);
insert into mylistentry (id, erstellungsdatum, text, titel, wichtigkeit) values ('ce1aca53-f6d0-43a2-a3bd-017544120120', '2021-06-11 10:58:13', 'Product Management', 'Altenwerth, Wunsch and Deckow', 10);
insert into mylistentry (id, erstellungsdatum, text, titel, wichtigkeit) values ('10b28934-eabb-4404-b839-da8666aa1c26', '2021-10-08 14:08:30', 'Accounting', 'Wuckert, Wilderman and Toy', 4);
insert into mylistentry (id, erstellungsdatum, text, titel, wichtigkeit) values ('cdb117c6-9758-48f5-a5fb-a48402154e61', '2021-09-19 09:25:30', 'Research and Development', 'Harber, Wisozk and Bode', 9);
insert into mylistentry (id, erstellungsdatum, text, titel, wichtigkeit) values ('0c43f1b1-8224-482c-a1fa-16f0ab1f68ec', '2021-12-06 22:54:24', 'Business Development', 'McLaughlin, McLaughlin and Block', 7);
insert into mylistentry (id, erstellungsdatum, text, titel, wichtigkeit) values ('2881757a-59ca-45e4-84a0-c641fb012071', '2021-12-16 00:53:48', 'Product Management', 'Towne-Hagenes', 2);
insert into mylistentry (id, erstellungsdatum, text, titel, wichtigkeit) values ('5cc6d6db-97f1-4a82-9353-a64b42e4e7e7', '2021-07-05 16:36:42', 'Legal', 'Williamson and Sons', 6);
insert into mylistentry (id, erstellungsdatum, text, titel, wichtigkeit) values ('21e06ae7-2745-4b79-bfec-49c9409140bf', '2022-01-08 14:25:00', 'Services', 'Langworth Group', 8);

insert into mylistentry_user (user_id, mylistentry_id) values ('e043d2c8-9a88-47c4-ab83-d11414518048', '6d527fc7-e44a-442d-b476-613fd112f987');
insert into mylistentry_user (user_id, mylistentry_id) values ('5dbfa8ee-48b1-4594-93f8-5a7bfc397b1d', '24961e39-bdbd-431e-9589-572698990ed0');
insert into mylistentry_user (user_id, mylistentry_id) values ('abcaeec3-3448-409f-bc61-4fc988fae18c', 'b6f08eb6-0019-4ec0-a520-f7930913991b');
insert into mylistentry_user (user_id, mylistentry_id) values ('e6fa0a48-4ca7-4e6e-b40b-76e11deb593f', 'ce1aca53-f6d0-43a2-a3bd-017544120120');
insert into mylistentry_user (user_id, mylistentry_id) values ('888efae4-2b5c-47b9-bd55-fd3d04f8915d', '10b28934-eabb-4404-b839-da8666aa1c26');
insert into mylistentry_user (user_id, mylistentry_id) values ('65e4f8c1-415e-433b-a508-bb49d422eb82', 'cdb117c6-9758-48f5-a5fb-a48402154e61');
insert into mylistentry_user (user_id, mylistentry_id) values ('9a3b8d19-e06f-446a-be03-07f3871a3c47', '0c43f1b1-8224-482c-a1fa-16f0ab1f68ec');
insert into mylistentry_user (user_id, mylistentry_id) values ('f901d843-455d-4f02-8023-8b1b5801e664', '2881757a-59ca-45e4-84a0-c641fb012071');
insert into mylistentry_user (user_id, mylistentry_id) values ('a3253318-8fa8-4209-9c5d-127f54b22673', '5cc6d6db-97f1-4a82-9353-a64b42e4e7e7');
insert into mylistentry_user (user_id, mylistentry_id) values ('3d776dd4-3387-45d4-a0b9-d9068a49da72', '21e06ae7-2745-4b79-bfec-49c9409140bf');

insert into role (id, name) values ('181f2537-db78-4aa6-a2a4-aeffd9e27ef6', 'ADMIN');
insert into role (id, name) values ('c868a1dc-e89e-4ff1-a7a0-78f3daea0973', 'USER');
insert into role (id, name) values ('0f19bc30-4c4c-42d1-b976-ea600f44857e', 'GUEST');

insert into users_roles (user_id, role_id) values ('e043d2c8-9a88-47c4-ab83-d11414518048', 'c868a1dc-e89e-4ff1-a7a0-78f3daea0973');
insert into users_roles (user_id, role_id) values ('5dbfa8ee-48b1-4594-93f8-5a7bfc397b1d', 'c868a1dc-e89e-4ff1-a7a0-78f3daea0973');
insert into users_roles (user_id, role_id) values ('abcaeec3-3448-409f-bc61-4fc988fae18c', 'c868a1dc-e89e-4ff1-a7a0-78f3daea0973');
insert into users_roles (user_id, role_id) values ('e6fa0a48-4ca7-4e6e-b40b-76e11deb593f', 'c868a1dc-e89e-4ff1-a7a0-78f3daea0973');
insert into users_roles (user_id, role_id) values ('888efae4-2b5c-47b9-bd55-fd3d04f8915d', 'c868a1dc-e89e-4ff1-a7a0-78f3daea0973');
insert into users_roles (user_id, role_id) values ('65e4f8c1-415e-433b-a508-bb49d422eb82', 'c868a1dc-e89e-4ff1-a7a0-78f3daea0973');
insert into users_roles (user_id, role_id) values ('9a3b8d19-e06f-446a-be03-07f3871a3c47', 'c868a1dc-e89e-4ff1-a7a0-78f3daea0973');
insert into users_roles (user_id, role_id) values ('f901d843-455d-4f02-8023-8b1b5801e664', 'c868a1dc-e89e-4ff1-a7a0-78f3daea0973');
insert into users_roles (user_id, role_id) values ('a3253318-8fa8-4209-9c5d-127f54b22673', '181f2537-db78-4aa6-a2a4-aeffd9e27ef6');
insert into users_roles (user_id, role_id) values ('3d776dd4-3387-45d4-a0b9-d9068a49da72', '0f19bc30-4c4c-42d1-b976-ea600f44857e');

insert into authority (id, name) values ('9b336ab1-31bd-42fd-ab11-a23e6a667bc3', 'CAN_CREATE_MYLISTENTRY');
insert into authority (id, name) values ('1a6cb1d5-380c-47eb-bfe0-80a514ebe3bc', 'CAN_READ_MYLISTENTRY');
insert into authority (id, name) values ('cedad7c0-df6f-4ab9-99a8-d71ceefab358', 'CAN_DELETE_MYLISTENTRY');
insert into authority (id, name) values ('0aaec7e7-8b8e-45b2-9b0b-7fd077d212c3', 'CAN_UPDATE_MYLISTENTRY');
insert into authority (id, name) values ('01b91a5b-0979-4d51-bc31-8f98278ea710', 'ADMIN');

insert into role_authorities (role_id, authority_id) values ('181f2537-db78-4aa6-a2a4-aeffd9e27ef6', '01b91a5b-0979-4d51-bc31-8f98278ea710');
insert into role_authorities (role_id, authority_id) values ('c868a1dc-e89e-4ff1-a7a0-78f3daea0973', '9b336ab1-31bd-42fd-ab11-a23e6a667bc3');
insert into role_authorities (role_id, authority_id) values ('c868a1dc-e89e-4ff1-a7a0-78f3daea0973', '1a6cb1d5-380c-47eb-bfe0-80a514ebe3bc');
insert into role_authorities (role_id, authority_id) values ('c868a1dc-e89e-4ff1-a7a0-78f3daea0973', 'cedad7c0-df6f-4ab9-99a8-d71ceefab358');
insert into role_authorities (role_id, authority_id) values ('c868a1dc-e89e-4ff1-a7a0-78f3daea0973', '0aaec7e7-8b8e-45b2-9b0b-7fd077d212c3');


*/
